Workbook

Sheet Executive Summary
A1: Cardamyst Formulary Coverage Tracker
A2: Market Access Monthly Update
A4: Report Date: | B4: January 2026 (Updated 01/30/2026)
A6: CURRENT COVERAGE SNAPSHOT
A7: Segment | B7: 187209834 | C7: 7034139 | D7: 0.0376 | E7: Notes
A8: Commercial (incl. Federal) | B8: 15636175 | C8: 5879432 | D8: 0.376 | E8: Employer, PBM, HIX, FEHBP, VA, TRICARE
A9: └ Federal Programs | B9: 54278778 | C9: 0 | D9: 0 | E9: TRICARE, VA (subset of Commercial)
A10: Medicare | B10: 73287278 | C10: 0 | D10: 0 | E10: Part D, MA, SNP, EGWP, PACE
A11: Medicaid | B11: 314775891 | C11: 7034139 | D11: 0.0223 | E11: State, Managed, CHIP
A12: TOTAL | B12: 314775891 | C12: 7034139 | D12: 0.0223 | E12: All Segments Combined
A14: TOP PLANS DRIVING COVERAGE
A15: TRICARE Uniform Formulary | B15: Fed Prog | C15: 5879433 | D15: (T3)
A16: MGM Resorts International | B16: Employer | C16: 185337 | D16: (T3)
A17: UnitedHealthcare Community Plan Essential | B17: HIX-Medicaid | C17: 174217 | D17: (T3) (PA)
A18: CHI Franciscan | B18: Employer | C18: 135877 | D18: (T3)
A19: Apple | B19: Employer | C19: 118347 | D19: (T3)
A20: State of Ohio | B20: Employer | C20: 105536 | D20: (T3)
A21: General Electric | B21: Employer | C21: 98194 | D21: (T3)
A22: State of Michigan | B22: Employer | C22: 95690 | D22: (T3)
A23: Weis Markets | B23: Employer | C23: 40010 | D23: (T3)
A24: Smithfield Foods | B24: Employer | C24: 23040 | D24: (T3)
A25: Milwaukee Public Schools | B25: Employer | C25: 20363 | D25: (T3)
A26: Men's Wearhouse | B26: Employer | C26: 16832 | D26: (T3)
... A30: North Mississippi Health Services | B30: Employer | C30: 13074 | D30: (T3) Non-Preferred

Sheet Monthly Tracking
A1: Cardamyst Monthly Coverage Tracking
A2: Yellow cells = Update monthly with Clarivate data
A4: COMMERCIAL (incl. Federal)
A5: Month | B5: Jan-26 | C5: Feb-26 | D5: Mar-26 | E5: Apr-26 | F5: May-26 | G5: Jun-26 | H5: Jul-26 | I5: Aug-26 | J5: Sep-26 | K5: Oct-26 | L5: Nov-26 | M5: Dec-26 | N5: Jan-27 | O5: Feb-27 | P5: Mar-27
A6: Forecast % | B6: 0.0376 | C6: 0 | D6: 0 | E6: 0.06 | F6: 0.11 | G6: 0.29 | H6: 0.44 | I6: 0.52 | J6: 0.58 | K6: 0.58 | L6: 0.58 | M6: 0.58 | N6: 0.71 | O6: 0.83 | P6: 0.84
A7: Actual % | B7: 0.0376
A8: Variance (pp) | B8: 7034139 | C8: =IF(C7="","",(C7-C6)) | D8: =IF(D7="","",(D7-D6)) | E8: =IF(E7="","",(E7-E6)) | F8: =IF(F7="","",(F7-F6)) | G8: =IF(G7="","",(G7-G6)) | H8: =IF(H7="","",(H7-H6)) | I8: =IF(I7="","",(I7-I6)) | J8: =IF(J7="","",(J7-J6)) | ... P8: =IF(P7="","",(P7-P6))
A9: Covered Lives | B9: 5879432
A10: └ Federal Lives | B10: 5879432
A12: MEDICARE
A13: Month | B13: 0 | C13: Feb-26 | D13: Mar-26 | E13: Apr-26 | F13: May-26 | G13: Jun-26 | H13: Jul-26 | I13: Aug-26 | J13: Sep-26 | K13: Oct-26 | L13: Nov-26 | M13: Dec-26 | N13: Jan-27 | O13: Feb-27 | P13: Mar-27
A14: Actual % | B14: 0
A15: Covered Lives | B15: 0
A17: MEDICAID
A18: Month | B18: 0 | C18: Feb-26 | D18: Mar-26 | E18: Apr-26 | F18: May-26 | G18: Jun-26 | H18: Jul-26 | I18: Aug-26 | J18: Sep-26 | K18: Oct-26 | L18: Nov-26 | M18: Dec-26 | N18: Jan-27 | O18: Feb-27 | P18: Mar-27
A19: Actual % | B19: 0
A20: Covered Lives | B20: 0
A22: TOTAL (ALL SEGMENTS)
A23: Month | B23: Jan-26 | C23: Feb-26 | D23: Mar-26 | E23: Apr-26 | F23: May-26 | G23: Jun-26 | H23: Jul-26 | I23: Aug-26 | J23: Sep-26 | K23: Oct-26 | L23: Nov-26 | M23: Dec-26 | N23: Jan-27 | O23: Feb-27 | P23: Mar-27
A24: Actual % | B24: =IF(B25="","",B25/316692798.187381) | C24: =IF(C25="","",C25/316692798.187381) | D24: =IF(D25="","",D25/316692798.187381) | E24: =IF(E25="","",E25/316692798.187381) | F24: =IF(F25="","",F25/316692798.187381) | G24: =IF(G25="","",G25/316692798.187381) | H24: =IF(H25="","",H25/316692798.187381) | I24: =IF(I25="","",I25/316692798.187381) | ... P24: =IF(P25="","",P25/316692798.187381)
A25: Covered Lives | B25: =IF(AND(B9="",B15="",B20=""),"",IF(B9="",0,B9)+IF(B15="",0,B15)+IF(B20="",0,B20)) | C25: =IF(AND(C9="",C15="",C20=""),"",IF(C9="",0,C9)+IF(C15="",0,C15)+IF(C20="",0,C20)) | D25: =IF(AND(D9="",D15="",D20=""),"",IF(D9="",0,D9)+IF(D15="",0,D15)+IF(D20="",0,D20)) | E25: =IF(AND(E9="",E15="",E20=""),"",IF(E9="",0,E9)+IF(E15="",0,E15)+IF(E20="",0,E20)) | F25: =IF(AND(F9="",F15="",F20=""),"",IF(F9="",0,F9)+IF(F15="",0,F15)+IF(F20="",0,F20)) | G25: =IF(AND(G9="",G15="",G20=""),"",IF(G9="",0,G9)+IF(G15="",0,G15)+IF(G20="",0,G20)) | H25: =IF(AND(H9="",H15="",H20=""),"",IF(H9="",0,H9)+IF(H15="",0,H15)+IF(H20="",0,H20)) | I25: =IF(AND(I9="",I15="",I20=""),"",IF(I9="",0,I9)+IF(I15="",0,I15)+IF(I20="",0,I20)) | ... P25: =IF(AND(P9="",P15="",P20=""),"",IF(P9="",0,P9)+IF(P15="",0,P15)+IF(P20="",0,P20))

Sheet Charts
A3: Month | B3: Comm Forecast | C3: 0.0376 | D3: 0 | E3: 0 | F3: 0.0223
A4: Jan-26 | B4: 0 | C4: 0.0376 | D4: 0 | E4: 0 | F4: 0.0223
A5: Feb-26 | B5: 0 | C5: ='Monthly Tracking'!C7 | D5: ='Monthly Tracking'!C14 | E5: ='Monthly Tracking'!C19 | F5: ='Monthly Tracking'!C24
A6: Mar-26 | B6: 0 | C6: ='Monthly Tracking'!D7 | D6: ='Monthly Tracking'!D14 | E6: ='Monthly Tracking'!D19 | F6: ='Monthly Tracking'!D24
A7: Apr-26 | B7: 0.06 | C7: ='Monthly Tracking'!E7 | D7: ='Monthly Tracking'!E14 | E7: ='Monthly Tracking'!E19 | F7: ='Monthly Tracking'!E24
A8: May-26 | B8: 0.11 | C8: ='Monthly Tracking'!F7 | D8: ='Monthly Tracking'!F14 | E8: ='Monthly Tracking'!F19 | F8: ='Monthly Tracking'!F24
A9: Jun-26 | B9: 0.29 | C9: ='Monthly Tracking'!G7 | D9: ='Monthly Tracking'!G14 | E9: ='Monthly Tracking'!G19 | F9: ='Monthly Tracking'!G24
A10: Jul-26 | B10: 0.44 | C10: ='Monthly Tracking'!H7 | D10: ='Monthly Tracking'!H14 | E10: ='Monthly Tracking'!H19 | F10: ='Monthly Tracking'!H24
A11: Aug-26 | B11: 0.52 | C11: ='Monthly Tracking'!I7 | D11: ='Monthly Tracking'!I14 | E11: ='Monthly Tracking'!I19 | F11: ='Monthly Tracking'!I24
A12: Sep-26 | B12: 0.58 | C12: ='Monthly Tracking'!J7 | D12: ='Monthly Tracking'!J14 | E12: ='Monthly Tracking'!J19 | F12: ='Monthly Tracking'!J24
A13: Oct-26 | B13: 0.58 | C13: ='Monthly Tracking'!K7 | D13: ='Monthly Tracking'!K14 | E13: ='Monthly Tracking'!K19 | F13: ='Monthly Tracking'!K24
A14: Nov-26 | B14: 0.58 | C14: ='Monthly Tracking'!L7 | D14: ='Monthly Tracking'!L14 | E14: ='Monthly Tracking'!L19 | F14: ='Monthly Tracking'!L24
A15: Dec-26 | B15: 0.58 | C15: ='Monthly Tracking'!M7 | D15: ='Monthly Tracking'!M14 | E15: ='Monthly Tracking'!M19 | F15: ='Monthly Tracking'!M24
A16: Jan-27 | B16: 0.71 | C16: ='Monthly Tracking'!N7 | D16: ='Monthly Tracking'!N14 | E16: ='Monthly Tracking'!N19 | F16: ='Monthly Tracking'!N24
A17: Feb-27 | B17: 0.83 | C17: ='Monthly Tracking'!O7 | D17: ='Monthly Tracking'!O14 | E17: ='Monthly Tracking'!O19 | F17: ='Monthly Tracking'!O24
A18: Mar-27 | B18: 0.84 | C18: ='Monthly Tracking'!P7 | D18: ='Monthly Tracking'!P14 | E18: ='Monthly Tracking'!P19 | F18: ='Monthly Tracking'!P24
A22: Current Snapshot
A23: Segment | B23: 0.037574
A24: Commercial | B24: 0
A25: Medicare | B25: 0
A26: Medicaid | B26: 0

Sheet Plan Detail
A1: Plans with Cardamyst Coverage
A2: Total: 10 plans covering 7,034,139 lives
A4: Commercial (Federal) | B4: TRICARE Uniform Formulary | C4: Fed Prog | D4: Payer Name | E4: 5879433 | F4: (T3)
A5: Commercial | B5: MGM Resorts International | C5: Employer | E5: 185337 | F5: (T3)
A6: Commercial | B6: UnitedHealthcare Community Plan Essential | C6: HIX-Medicaid | E6: 174217 | F6: (T3) (PA)
A7: Commercial | B7: CHI Franciscan | C7: Employer | E7: 135877 | F7: (T3)
A8: Commercial | B8: Apple | C8: Employer | E8: 118347 | F8: (T3)
A9: Commercial | B9: State of Ohio | C9: Employer | E9: 105536 | F9: (T3)
A10: Commercial | B10: General Electric | C10: Employer | E10: 98194 | F10: (T3)
A11: Commercial | B11: State of Michigan | C11: Employer | E11: 95690 | F11: (T3)
A12: Commercial | B12: Weis Markets | C12: Employer | E12: 40010 | F12: (T3)
A13: Commercial | B13: Smithfield Foods | C13: Employer | E13: 23040 | F13: (T3)
A14: Commercial | B14: Smithfield Foods | C14: Employer | E14: 23040 | F14: (T3)

Sheet Definitions
A1: Segment Definitions
A3: Segment | B3: Plan Types Included | C3: Notes
A4: Commercial | B4: Commercial, Employer, PBM, FEHBP, Municipal Plan, HIX, Pvt HIX, Fed Prog | C4: Includes Federal (VA, TRICARE)
A5: Medicare | B5: Medicare PDP, Medicare MA, Medicare SN, EGWP, Medi-Medi, PACE | C5: All Part D coverage channels
A6: Medicaid | B6: State Medicaid, Managed Medicaid, HIX-Medicaid, CHiP | C6: Fee-for-service and managed care
A9: Coverage Status Mapping
A10: Status | B10: Counted as Covered? | C10: Rationale
A11: (T3) Non-Preferred | B11: Yes | C11: True formulary tier placement
A12: (T4) Non-Preferred (QL) | B12: Yes | C12: True formulary tier placement with quantity limit
A13: (NC) Non-Preferred (PA) | B13: No | C13: NC = Not Covered; PA available but no formulary placement
A14: (N/A) N/A | B14: No | C14: Not reviewed or not applicable
A15: (NC) Not Covered | B15: No | C15: Explicitly not covered
A16: (NC) Not Covered (PA) | B16: No | C16: Not covered; PA may be available
